<flow xsi:schemaLocation="http://www.springframework.org/schema/webflow http://www.springframework.org/schema/webflow/spring-webflow-2.0.xsd" xmlns:xsi="http://www.w3.org/2001/XMLSchema-instance" xmlns="http://www.springframework.org/schema/webflow">

<!-- Executed when webFlow is triggered -->
<on-start>
<evaluate result="flowScope.billingAddress" expression="billingHandler.initFlow()"/>

</on-start>


<view-state model="flowScope.billingAddress" view="billingAddress" id="start">

<transition to="validate" on="submit"/>

</view-state>


<action-state id="validate">

<evaluate expression="billingHandler.validateDetails(billingAddress,messageContext)"/>

<transition to="confirmDetails" on="success"/>

<transition to="start" on="failure"/>

</action-state>


<view-state model="flowScope.billingAddress" view="orderSummary" id="confirmDetails">

<transition to="start" on="edit"/>

<transition to="welcome" on="submit"/>

</view-state>

<end-state view="payment" id="welcome"/>

<!-- <end-state id="toHome" view="externalRedirect:contextRelative:index1" />-->


<end-state view="externalRedirect:contextRelative:exception" id="toException"/>


<global-transitions>

<!-- <transition on="home" to="toHome" />-->


<transition to="toException" on="error"/>

</global-transitions>

</flow>